                  epoch,         train/box_loss,         train/cls_loss,         train/dfl_loss,   metrics/precision(B),      metrics/recall(B),       metrics/mAP50(B),    metrics/mAP50-95(B),           val/box_loss,           val/cls_loss,           val/dfl_loss,                 lr/pg0,                 lr/pg1,                 lr/pg2
                      1,                 1.4118,                 2.8153,                 1.7548,                0.61343,                0.88256,                 0.8879,                 0.6156,                 1.3926,                 1.3292,                 1.2503,                      0,                      0,                      0
                      2,                 1.2489,                 2.6215,                 1.4408,                0.59672,                0.89734,                0.88811,                0.61799,                 1.4046,                 1.3533,                 1.2564,             1.1782e-06,             1.1782e-06,             1.1782e-06
                      3,                 1.1415,                  4.218,                 1.4951,                 0.5791,                0.83333,                0.87397,                0.61303,                 1.4193,                 1.3854,                 1.2631,             2.3329e-06,             2.3329e-06,             2.3329e-06
                      4,                 1.2659,                  2.668,                 1.4486,                0.54582,                0.85515,                0.87204,                0.60505,                 1.4537,                 1.4203,                 1.2788,              3.464e-06,              3.464e-06,              3.464e-06
                      5,                 1.3365,                  2.856,                 1.6305,                0.57008,                0.83333,                0.87216,                0.59728,                 1.4799,                 1.4541,                 1.2953,             4.5715e-06,             4.5715e-06,             4.5715e-06
